--------------
-- Thuong Ho
--------------

Query OK, 0 rows affected (0.00 sec)

--------------
    /* enable warnings! */

/*  TASK 00 */ 
select user(), current_date(), version(), @@sql_mode
--------------

*************************** 1. row ***************************
        user(): t_ho@localhost
current_date(): 2013-11-09
     version(): 5.6.13
    @@sql_mode: STRICT_TRANS_TABLES,NO_ENGINE_SUBSTITUTION
1 row in set (0.00 sec)

--------------
/*  TASK 01 */
Select C.cust_id, C.cust_name_last, Coalesce(H.OCount, 0) as 'number of orders'
From a_bkorders.customers C
Left join (
	Select cust_id, count(order_id) as OCount
    From a_bkorders.order_headers
    group by cust_id) H on C.cust_id = H.cust_id
Where C.cust_id <= 250000
Order by cust_id
--------------

+---------+----------------+------------------+
| cust_id | cust_name_last | number of orders |
+---------+----------------+------------------+
|  200368 | Blake          |                6 |
|  202958 | Denver         |                0 |
|  208950 | Adams          |                1 |
|  211483 | Carroll        |                5 |
|  212921 | Books on Tap   |               11 |
|  217002 | Grieg          |                0 |
|  217796 | Anders         |               11 |
|  218709 | Bonnard        |               12 |
|  221297 | Dodgson        |                8 |
|  222477 | Rossetti       |                9 |
|  224038 | Austin         |                5 |
|  226275 | Dalrymple      |                0 |
|  226656 | Randall        |                3 |
|  227105 | Kafka          |               14 |
|  228175 | Cardin         |                2 |
|  228275 | Mikulski       |                0 |
|  228352 | Edwards        |                0 |
|  234138 | Keats          |                9 |
|  234709 | Brahms         |                3 |
|  239427 | Marksa         |               10 |
+---------+----------------+------------------+
20 rows in set (0.00 sec)

--------------
/*  TASK 02 */
Set @rundate = current_date
--------------

Query OK, 0 rows affected (0.00 sec)

--------------
Set @first_month = Date_format(Date_sub(@rundate, interval 15 month), '%M %Y')
--------------

Query OK, 0 rows affected (0.00 sec)

--------------
Set @second_month = Date_format(Date_sub(@rundate, interval 14 month), '%M %Y')
--------------

Query OK, 0 rows affected (0.00 sec)

--------------
Set @third_month = Date_format(Date_sub(@rundate, interval 13 month), '%M %Y')
--------------

Query OK, 0 rows affected (0.00 sec)

--------------
Select cust_id, cust_name_last
From a_bkorders.customers
Where EXISTS (
	Select 'X'
	From a_bkorders.order_headers
	Where a_bkorders.order_headers.cust_id = a_bkorders.customers.cust_id
	and Date_format(order_date, '%M %Y') IN (@first_month, @second_month, @third_month))
Order by cust_id
--------------

+---------+----------------+
| cust_id | cust_name_last |
+---------+----------------+
|  200368 | Blake          |
|  208950 | Adams          |
|  212921 | Books on Tap   |
|  217796 | Anders         |
|  218709 | Bonnard        |
|  221297 | Dodgson        |
|  222477 | Rossetti       |
|  224038 | Austin         |
|  227105 | Kafka          |
|  234138 | Keats          |
|  234709 | Brahms         |
|  239427 | Marksa         |
|  260368 | Muller         |
|  261502 | Hawthorne      |
|  263119 | Jones          |
|  267780 | Shelly         |
|  272611 | Jarrett        |
|  272787 | Carlson        |
|  276381 | Collins        |
|  290298 | Swift          |
+---------+----------------+
20 rows in set (0.00 sec)

--------------
/*  TASK 03 */

Select author_name_first, author_name_last, author_id
From a_bkinfo.authors
Where EXISTS (
	Select 'X'
	From )
	
-- authors with more than 1 book
Select author_id, bookcount
from 
   (select author_id, count(book_id) as bookcount
    from a_bkinfo.book_authors
    group by author_id) bk1
where bookcount > 1
--------------

--------------
-- this gets the books with orders
--------------

Query OK, 0 rows affected (0.00 sec)

--------------
-- book_id NOT IN
--------------

Query OK, 0 rows affected (0.00 sec)

--------------
Select book_id
From a_bkorders.order_details
--------------

+---------+
| book_id |
+---------+
|    1077 |
|    1101 |
|    1101 |
|    1101 |
|    1101 |
|    1101 |
|    1101 |
|    1101 |
|    1102 |
|    1102 |
|    1103 |
|    1103 |
|    1103 |
|    1103 |
|    1103 |
|    1103 |
|    1103 |
|    1103 |
|    1103 |
|    1103 |
|    1103 |
|    1103 |
|    1103 |
|    1103 |
|    1103 |
|    1103 |
|    1103 |
|    1103 |
|    1103 |
|    1103 |
|    1103 |
|    1103 |
|    1103 |
|    1103 |
|    1103 |
|    1103 |
|    1103 |
|    1103 |
|    1103 |
|    1103 |
|    1103 |
|    1103 |
|    1104 |
|    1104 |
|    1104 |
|    1104 |
|    1104 |
|    1104 |
|    1104 |
|    1104 |
|    1104 |
|    1104 |
|    1105 |
|    1105 |
|    1106 |
|    1106 |
|    1106 |
|    1106 |
|    1106 |
|    1106 |
|    1106 |
|    1106 |
|    1106 |
|    1106 |
|    1106 |
|    1107 |
|    1107 |
|    1107 |
|    1107 |
|    1107 |
|    1107 |
|    1107 |
|    1107 |
|    1107 |
|    1107 |
|    1108 |
|    1108 |
|    1109 |
|    1109 |
|    1109 |
|    1109 |
|    1109 |
|    1110 |
|    1110 |
|    1128 |
|    1128 |
|    1128 |
|    1128 |
|    1128 |
|    1128 |
|    1128 |
|    1128 |
|    1128 |
|    1128 |
|    1128 |
|    1128 |
|    1128 |
|    1128 |
|    1128 |
|    1128 |
|    1128 |
|    1128 |
|    1128 |
|    1128 |
|    1128 |
|    1128 |
|    1128 |
|    1128 |
|    1133 |
|    1133 |
|    1133 |
|    1133 |
|    1142 |
|    1142 |
|    1142 |
|    1142 |
|    1142 |
|    1142 |
|    1142 |
|    1142 |
|    1142 |
|    1142 |
|    1142 |
|    1142 |
|    1142 |
|    1142 |
|    1142 |
|    1142 |
|    1161 |
|    1161 |
|    1161 |
|    1161 |
|    1161 |
|    1161 |
|    1161 |
|    1161 |
|    1161 |
|    1161 |
|    1161 |
|    1162 |
|    1162 |
|    1162 |
|    1162 |
|    1162 |
|    1162 |
|    1162 |
|    1162 |
|    1162 |
|    1162 |
|    1162 |
|    1162 |
|    1162 |
|    1162 |
|    1162 |
|    1162 |
|    1162 |
|    1162 |
|    1162 |
|    1162 |
|    1175 |
|    1175 |
|    1175 |
|    1180 |
|    1180 |
|    1180 |
|    1180 |
|    1182 |
|    1182 |
|    1182 |
|    1182 |
|    1184 |
|    1185 |
|    1188 |
|    1199 |
|    1199 |
|    1199 |
|    1199 |
|    1200 |
|    1200 |
|    1200 |
|    1200 |
|    1200 |
|    1200 |
|    1258 |
|    1258 |
|    1258 |
|    1258 |
|    1258 |
|    1258 |
|    1269 |
|    1269 |
|    1269 |
|    1278 |
|    1279 |
|    1279 |
|    1279 |
|    1279 |
|    1279 |
|    1279 |
|    1279 |
|    1279 |
|    1279 |
|    1279 |
|    1279 |
|    1279 |
|    1301 |
|    1301 |
|    1301 |
|    1304 |
|    1304 |
|    1304 |
|    1304 |
|    1304 |
|    1304 |
|    1305 |
|    1305 |
|    1305 |
|    1305 |
|    1305 |
|    1305 |
|    1305 |
|    1306 |
|    1306 |
|    1306 |
|    1357 |
|    1357 |
|    1357 |
|    1401 |
|    1401 |
|    1401 |
|    1401 |
|    1401 |
|    1401 |
|    1401 |
|    1401 |
|    1425 |
|    1425 |
|    1425 |
|    1448 |
|    1448 |
|    1448 |
|    1448 |
|    1448 |
|    1448 |
|    1448 |
|    1448 |
|    1448 |
|    1448 |
|    1448 |
|    1448 |
|    1448 |
|    1448 |
|    1448 |
|    1448 |
|    1448 |
|    1448 |
|    1448 |
|    1448 |
|    1448 |
|    1448 |
|    1448 |
|    1448 |
|    1457 |
|    1457 |
|    1478 |
|    1483 |
|    1537 |
|    1537 |
|    1537 |
|    1537 |
|    1537 |
|    1541 |
|    1541 |
|    1541 |
|    1542 |
|    1543 |
|    1544 |
|    1544 |
|    1545 |
|    1545 |
|    1546 |
|    1546 |
|    1609 |
|    1609 |
|    1619 |
|    1619 |
|    1619 |
|    1619 |
|    1619 |
|    1619 |
|    1619 |
|    1625 |
|    1626 |
|    1627 |
|    1627 |
|    1628 |
|    1628 |
|    1628 |
|    1628 |
|    1628 |
|    1628 |
|    1629 |
|    1629 |
|    1629 |
|    1629 |
|    1670 |
|    1670 |
|    1677 |
|    1678 |
|    1678 |
|    1689 |
|    1689 |
|    1689 |
|    1689 |
|    1774 |
|    1776 |
|    1776 |
|    1776 |
|    1835 |
|    1877 |
|    1894 |
|    1894 |
|    1894 |
|    1894 |
|    1894 |
|    1894 |
|    1894 |
|    1894 |
|    1894 |
|    1894 |
|    1894 |
|    1894 |
|    1948 |
|    1948 |
|    1948 |
|    1948 |
|    1978 |
|    1978 |
|    1978 |
|    1979 |
|    2001 |
|    2001 |
|    2001 |
|    2001 |
|    2001 |
|    2001 |
|    2001 |
|    2001 |
|    2001 |
|    2001 |
|    2001 |
|    2001 |
|    2001 |
|    2001 |
|    2001 |
|    2001 |
|    2001 |
|    2002 |
|    2002 |
|    2004 |
|    2005 |
|    2006 |
|    2006 |
|    2006 |
|    2006 |
|    2007 |
|    2007 |
|    2007 |
|    2007 |
|    2007 |
|    2007 |
|    2007 |
|    2007 |
|    2007 |
|    2008 |
|    2008 |
|    2008 |
|    2008 |
|    2008 |
|    2008 |
|    2008 |
|    2008 |
|    2008 |
|    2008 |
|    2009 |
|    2009 |
|    2009 |
|    2009 |
|    2009 |
|    2009 |
|    2009 |
|    2009 |
|    2009 |
|    2009 |
|    2009 |
|    2017 |
|    2017 |
|    2018 |
|    2025 |
|    2028 |
|    2028 |
|    2028 |
|    2028 |
|    2028 |
|    2032 |
|    2032 |
|    2032 |
|    2032 |
+---------+
408 rows in set (0.02 sec)

--------------
/*  TASK 04 */


/*  TASK 05 */


/*  TASK 06 */


/*  TASK 07 */
--------------

Query OK, 0 rows affected (0.00 sec)

Bye
